
<properties>

	<property>
		<name>server.port</name>
		<value>8080</value>
	</property>

	<property>
		<name>app.name</name>
		<value>catissuecore</value>
	</property>
	
	<property>
		<name>cde.load.by.publicid</name>
		<value>FALSE</value>
	</property>
	
	<property>
		<name>casdr.server</name>
		<value>http://cabio.nci.nih.gov/cacore30/server/HTTPServer</value>
	</property>
	
	<property>
		<name>max.server.connect.attempts</name>
		<value>3</value>
	</property>
	
	<property>
		<name>max.cde.download.attempts</name>
		<value>3</value>
	</property>
	
	<property>
		<name>institution.logo.tooltip</name>
		<value>Sitemen cencer center</value>
	</property>
	
	<property>
		<name>institution.url</name>
		<value>http://bioinformatics.wustl.edu</value>
	</property>
	
	<property>
		<name>use.proxy.server</name>
		<value>false</value>
	</property>
	
	<property>
		<name>proxy.host</name>
		<value></value>
	</property>
	
	<property>
		<name>proxy.port</name>
		<value></value>
	</property>
	
	<property>
		<name>proxy.username</name>
		<value></value>
	</property>
	
	<property>
		<name>proxy.password</name>
		<value></value>
	</property>
	
	<property>
		<name>app.disclaimer.file</name>
		<value>Disclaimer.txt</value>
	</property>

	<property>
		<name>app.contactUs.file</name>
		<value>ContactUs.txt</value>
	</property>

	<property>
		<name>app.privacyNotice.file</name>
		<value>PrivacyNotice.txt</value>
	</property>

	<property>
		<name>app.accessibility.file</name>
		<value>Accessibility.txt</value>
	</property>
	
	<property>
		<name>CaTiesPublicServerName</name>
		<value>http://ps0348:8080/caties/server/HTTPServer</value>
	</property>
	
	<property>
		<name>CaTiesPrivateServerName</name>
		<value>http://ps0348:8080/caties_pri/server/HTTPServer</value>
	</property>
	
	<property>
		<name>email.administrative.emailAddress</name>
		<value>catissue@persistent.co.in</value>
	</property>
	
	<property>
		<name>email.sendEmailFrom.emailAddress</name>
		<value>catissue@persistent.co.in</value>
	</property>
	
	<property>
		<name>email.mailServer</name>
		<value>mail.persistent.co.in</value>
	</property>
	
	 <!-- Constants for LookUp algo start -->
	<property>
		<name>lookup.cutoff</name>
		<value>65</value>
	</property>
	<property>
		<name>ParticipantLookupAlgo</name>
		<value>edu.wustl.catissuecore.bizlogic.ParticipantLookupLogic</value>
	</property>
	<property>
		<name>SSNExact</name>
		<value>30</value>
	</property>
	<property>
		<name>SSNPartial</name>
		<value>20</value>
	</property>
	<property>
		<name>DOBExact</name>
		<value>20</value>
	</property>
	<property>
		<name>DOBPartial</name>
		<value>15</value>
	</property>
	<property>
		<name>LastNameExact</name>
		<value>20</value>
	</property>
	<property>
		<name>LastNamePartial</name>
		<value>15</value>
	</property>
	<property>
		<name>NameExact</name>
		<value>10</value>
	</property>
	<property>
		<name>NamePartial</name>
		<value>5</value>
	</property>
	<property>
		<name>MiddleNameExact</name>
		<value>10</value>
	</property>
	<property>
		<name>MiddleNamePartial</name>
		<value>5</value>
	</property>
	<property>
		<name>GenderExact</name>
		<value>5</value>
	</property>
	<property>
		<name>RaceExact</name>
		<value>10</value>
	</property>
	<property>
		<name>RacePartial</name>
		<value>5</value>
	</property>
	<property>
		<name>Bonus</name>
		<value>15</value>
	</property>
	<property>
		<name>TotalPoints</name>
		<value>105</value>
	</property>
	<property>
		<name>MatchCharactersForLastName</name>
		<value>5</value>
	</property>
	
	 <!-- Constants for LookUp algo end -->
	 
	  <!-- Constants for Password validations start -->
		
	<property>
		<name>password.expire_after_n_days</name>
		<value>60</value>
	</property>
	
	<property>
		<name>password.not_same_as_last_n</name>
		<value>6</value>
	</property>
	
	<property>
		<name>minimumPasswordLength</name>
		<value>6</value>
	</property>
		
	<property>
		<name>daysCount</name>
		<value>0</value>
	</property>
	 <!--Constants for Password validations end-->

<!-- Constants for specifing columns per page in MultipleSpecimen -->
	 	<property>
		<name>multipleSpecimen.ColumnsPerPage</name>
		<value>4</value>
	</property>

	<property>
		<name>resultView.noOfRecordsPerPage</name>
		<value>100</value>
	</property>
	
<!-- Constants for specifing columns per page in MultipleSpecimen -->

<!-- Constant for limiting number of storage containers shown in dropdowns on UI , should be set to appropriate value
    eg. If containers are big  ( say 100*100) this value should be small so that it will take less time for populating dropdowns  
 -->	
	<property>
		<name>containers_max_limit</name>
		<value>200</value>
	</property>
<!-- Constant for limiting number of storage containers shown in dropdowns on UI-->		

<!-- Constants for setting default values for enumerated dropdowns-->

	<property>
		<name>defaultTissueSite</name>
		<value>Not Specified</value>
	</property>
	
	<property>
		<name>defaultClinicalStatus</name>
		<value>Not Specified</value>
	</property>
	
	<property>
		<name>defaultGender</name>
		<value>Unspecified</value>
	</property>
	
	<property>
		<name>defaultGenotype</name>
		<value>Unknown</value>
	</property>
	
	<property>
		<name>defaultSpecimen</name>
		<value></value>
	</property>
	
	<property>
		<name>defaultTissueSide</name>
		<value>Not Specified</value>
	</property>
	
	<property>
		<name>defaultPathologicalStatus</name>
		<value>Not Specified</value>
	</property>
	
	<property>
		<name>defaultReceivedQuality</name>
		<value>Not Specified</value>
	</property>
	
	<property>
		<name>defaultFixationType</name>
		<value>Not Specified</value>
	</property>
	
	<property>
		<name>defaultCollectionProcedure</name>
		<value>Not Specified</value>
	</property>
	
	<property>
		<name>defaultContainer</name>
		<value>Not Specified</value>
	</property>
	
	<property>
		<name>defaultMethod</name>
		<value>Not Specified</value>
	</property>
	
	<property>
		<name>defaultEmbeddingMedium</name>
		<value>Not Specified</value>
	</property>
	
	<property>
		<name>defaultBiohazard</name>
		<value></value>
	</property>
	
	<property>
		<name>defaultSiteType</name>
		<value></value>
	</property>
	
	<property>
		<name>defaultSpecimenType</name>
		<value></value>
	</property>
	
	<property>
		<name>defaultEthnicity</name>
		<value>Unknown</value>
	</property>
	
	<property>
		<name>defaultRace</name>
		<value>Unknown</value>
	</property>
	
	<property>
		<name>defaultClinicalDiagnosis</name>
		<value>Not Specified</value>
	</property>
	
	<property>
		<name>defaultStates</name>
		<value></value>
	</property>
	
	<property>
		<name>defaultCountry</name>
		<value>United States</value>
	</property>
	
	<property>
		<name>defaultHistologicalQuality</name>
		<value>Not Specified</value>
	</property>
	
	<property>
		<name>defaultVitalStatus</name>
		<value>Unknown</value>
	</property>
	
	
</properties>